sample,fat_fraction,bone_fraction,true_mean_speed,travel_time_speed,opposite_delay_us
0,0.46103014306479995,0.029617091270752047,1544.2772216796875,1548.0135473695314,-14.254910748911971
1,0.1621384750219106,0.03585651244676107,1618.364013671875,1620.5453169976174,-18.339335991351604
2,0.35619704361222165,0.05483622492022155,1628.3330078125,1610.6510096921597,-16.654399473512925
3,0.6013703293897352,0.04889777853434335,1580.755126953125,1538.2910256940925,-9.133437996008965
4,0.5244636567403138,0.02011954317429822,1521.185302734375,1519.4001914070618,-10.279272118805219
5,0.5055851143476047,0.038701498347924176,1575.4853515625,1572.889864601012,-18.009304847719857
6,0.23872667333843528,0.03970683463825278,1623.8004150390625,1605.343286535421,-20.547143864381933
7,0.3987929993964997,0.04963186481593241,1619.380126953125,1609.3930739519012,-21.649888440907752
8,0.3104528081726934,0.023682236536606855,1570.477294921875,1570.3165102711014,-13.88198328567471
9,0.4889965371733495,0.03388082578008213,1568.2664794921875,1563.0747052543115,-20.715444289500894

method,rms_interior,rms_soft_tissue,rms_soft_tissue_start,rms_bone,est_min,est_max
Uniform 1480 m/s start,294.3410949707031,71.28593444824219,71.28593444824219,1996.0,1480.0,1480.0
Ring FWI (256 el.),292.8635559082031,56.484291076660156,71.28593444824219,2008.0001220703125,1416.6573486328125,1556.85107421875
Arc FWI (2 × 64 el.),296.99603271484375,77.92060852050781,71.28593444824219,2003.323486328125,1412.981201171875,1555.2894287109375
Frequency-domain FWI,300.491455078125,69.38738250732422,73.16156005859375,1997.0491943359375,1474.9346923828125,1510.0626220703125
