sample,advisor hybrid map|travel_speed,advisor hybrid map|true_mean,advisor hybrid map|opposite_delay_us,"IT'IS map, gas as water|travel_speed","IT'IS map, gas as water|true_mean","IT'IS map, gas as water|opposite_delay_us","IT'IS map, gas as bowel contents|travel_speed","IT'IS map, gas as bowel contents|true_mean","IT'IS map, gas as bowel contents|opposite_delay_us"
0,1548.0135473695314,1544.2772216796875,-14.254910748911971,1533.2521205719893,1515.8856478253938,-9.7835934586786,1540.6978482751786,1523.2713877532665,-10.437567935157963
1,1620.5453169976174,1618.364013671875,-18.339335991351604,1583.7864412029676,1566.1635425225625,-14.137465511707635,1588.0956056461307,1570.1909455563912,-14.214713170759342
2,1610.6510096921597,1628.3330078125,-16.654399473512925,1547.5532386102707,1537.1767343274123,-9.60589479956692,1550.323364591911,1538.7760436443405,-10.116775294967017
3,1538.2910256940925,1580.755126953125,-9.133437996008965,1517.5372204235455,1504.2573534374903,-9.90337025884522,1518.69695233859,1505.2956018611153,-9.90337025884522
4,1519.4001914070618,1521.185302734375,-10.279272118805219,1529.4918730843558,1513.7397278881292,-10.151922543639996,1531.4170322673408,1516.3168120367993,-10.224454823253119
5,1572.889864601012,1575.4853515625,-18.009304847719857,1520.2112458118643,1507.6694260950278,-8.526419933005164,1521.896066007964,1509.902175586761,-8.60898166180166
6,1605.343286535421,1623.8004150390625,-20.547143864381933,1581.8163020038683,1572.3786314688791,-16.244258734417276,1582.592189978988,1573.3111083875035,-16.244258734417276
7,1609.3930739519012,1619.380126953125,-21.649888440907752,1541.850581152158,1529.1294398889422,-11.582681260971082,1543.8449322264728,1530.854942101777,-11.582681260971082
8,1570.3165102711014,1570.477294921875,-13.88198328567471,1556.2418319754454,1543.9770797558194,-11.60861538982669,1557.4842850044927,1545.51684283754,-11.60861538982669
9,1563.0747052543115,1568.2664794921875,-20.715444289500894,1533.779572871398,1522.4699237312648,-14.506948403192121,1534.5648900157867,1523.380669978818,-14.586398664594148
