tissue,itis_reference,itis_mean,itis_sd,itis_n,body_share_pct,advisor_median,advisor_q25,advisor_q75,new_median,new_q25,new_q75,advisor_pass,new_pass
Fat,Fat,1440.1875,21.9186944562551,16,42.66560725311799,1435.52099609375,1417.1417236328125,1458.8541259765625,1440.1875,1429.062196462125,1454.0095718414264,True,True
Connective Tissue,Connective Tissue,1545.0,15.0,2,15.8917715849827,1552.427490234375,1521.9144287109375,1581.92333984375,1545.0,1530.0,1560.0,True,True
Muscle,Muscle,1588.43055555556,21.5646940761007,24,15.699781297031368,1569.7181396484375,1542.2564697265625,1588.0260009765625,1588.43055555556,1566.8658614794592,1603.3522296855049,True,True
Small Intestine Lumen,Small Intestine Lumen,1535.36527777778,15.0,1,6.485384185183669,1599.214111328125,1561.581298828125,1643.6461181640625,1535.36527777778,1520.36527777778,1550.36527777778,False,True
Gas as Water,Water,1482.3,15.0,1,4.6261816098539095,1480.0,1480.0,1480.0,1482.3,1482.3,1482.3,True,True
Large Intestine Lumen,Large Intestine Lumen,1535.36527777778,15.0,1,4.056007966062392,1578.8720703125,1540.22216796875,1624.7685546875,1535.36527777778,1520.36527777778,1550.36527777778,False,True
Bone (graded),Bone (Cancellous),2117.53333333333,288.659122303261,5,3.8917533976256404,3476.0,1653.370849609375,3476.0,2155.782705757764,1865.6015521170607,2366.762353065002,False,True
Kidney,Kidney,1554.28571428571,18.1839149223912,7,3.321238740889271,1625.9127197265625,1597.179931640625,1645.3621826171875,1554.28571428571,1537.1829644651784,1572.4696292081012,False,True
Liver,Liver,1585.725,19.4609473618892,10,1.6111724934411844,1604.299560546875,1581.92333984375,1623.62451171875,1585.725,1576.317528565924,1594.3166879963708,True,True
Blood,Blood,1578.18333333333,11.2729765368336,9,0.852305020165232,1605.316650390625,1584.974609375,1627.0567626953125,1578.18333333333,1568.1991145636453,1587.4627113557776,False,True
Stomach Lumen,Stomach Lumen,1535.36527777778,15.0,1,0.4699158380052107,1597.179931640625,1560.564208984375,1633.3492431640625,1535.36527777778,1520.36527777778,1550.36527777778,False,True
Spinal Cord,Spinal Cord,1542.0,15.0,1,0.2561007215833913,1544.2906494140625,1531.068359375,1561.581298828125,1542.0,1535.0786528579079,1548.7886068889197,True,True
Gallbladder,Gallbladder,1583.6,15.0,1,0.09639299241132528,1560.564208984375,1542.2564697265625,1577.85498046875,1583.6,1568.6,1598.206543524609,False,True
Pancreas,Pancreas,1591.0,15.0,1,0.07638689964671058,1562.598388671875,1533.1025390625,1588.0260009765625,1591.0,1576.0,1606.0,False,True
