# IT'IS Foundation Tissue Properties Database, file materialparameterdatabasecurrent20240604.xls
# Retrieved 2026-10-07 from https://itis.swiss/virtual-population/tissue-properties/database/ (speed-of-sound table data endpoint).
# speed_sd = -1 marks rows without measurements (IT'IS sets missing soft-tissue speeds to 1500 m/s).
tissue,density_kg_m3,density_sd,density_n,speed_m_s,speed_sd,speed_n,speed_min,speed_max,atten_alpha0_Np_m_MHz,atten_b
Adrenal Gland,1027.5,4.16708331249277,3,1500,,-1,1500,1500,15.492,1
Air,1.16409155293818,0.0507822128385881,2,343,0,1,343,343,0.039143946581,2
Bile,928,99,5,1500,,-1,1500,1500,0.255,1.31
Blood,1049.75,19.1746360243579,584,1578.18333333333,11.2729765368336,9,1559.2,1590,2.3676,1.0498
Blood Plasma,1020.05,1.07499999995235,6,1549.35,1.34350288425434,2,1548.4,1550.3,1.075,1.1596
Blood Serum,1024,0,1,1500,,-1,1500,1500,0,0
Blood Vessel Wall,1101.5,53.2812897116177,22,1569.14285714286,5.7569833370314,7,1559,1575,7.02,1
Bone (Cancellous),1178.33333333333,196.916225842362,16,2117.53333333333,288.659122303261,5,1854.66666666667,2450,47,1.2
Bone (Cortical),1908,166.005163430883,27,3514.85714285714,420.344178705294,21,2660,4200,54.553,1
Bone Marrow (Red),1028.5,8.78884235834884,6,1450,0,1,1450,1450,12.5,1
Bone Marrow (Yellow),980,19.2930390080597,24,1371.91,0,1,1371.91,1371.91,4.3578,1.0861
Brain,1045.5,6.36396103067893,9,1546.32352941176,20.1687731844231,17,1506,1565,6.8032,1.3
Brain (Grey Matter),1044.5,7.77817459305202,9,1500,,-1,1500,1500,1.2,1.21
Brain (White Matter),1041,1.73205080756888,10,1552.5,28.9913780286484,2,1532,1573,6.7082,1.09
Breast Fat,911,51.4200720489952,23,1440.1875,21.9186944562551,16,1412,1490,4.3578,1.0861
Breast Gland,1040.5,49.1065168791267,8,1505,47.3075046900595,9,1430,1564,8.635,1.5
Bronchi,1101.5,53.2812897116177,22,1569.14285714286,5.7569833370314,7,1559,1575,7.02,1
Bronchi lumen,1.16409155293818,0.0507822128385881,2,343,0,1,343,343,0.039143946581,2
Cartilage,1099.5,13.4039795085887,7,1639.6,11.6219619686179,3,1627,1649.9,0.4397,1
Cerebellum,1045,7.07106781186548,2,1537,0,1,1537,1537,3.9117,1.6096
Cerebrospinal Fluid,1007,0.5,2,1504.5,3.53553390593274,2,1502,1507,0.1,1
Cervix,1104.5,78.7114985246755,6,1629,5.65685424949238,2,1625,1633,8.1157,1
Commissura Anterior,1041,1.73205080756888,10,1552.5,28.9913780286484,2,1532,1573,6.7082,1.09
Commissura Posterior,1041,1.73205080756888,10,1552.5,28.9913780286484,2,1532,1573,6.7082,1.09
Connective Tissue,1026.5,0,2,1545,0,2,1545,1545,14.506,1.1719
Diaphragm,1090.4,55.1412769651482,14,1588.43055555556,21.5646940761007,24,1545,1631,7.1088,1.0827
Ductus Deferens,1101.5,53.2812897116177,22,1569.14285714286,5.7569833370314,7,1559,1575,7.02,1
Dura,1174,0,1,1500,,-1,1500,1500,13.402062,1
Epididymis,1082,46.9649004576817,7,1595,0,1,1595,1595,2.4237,1.5613
Esophagus,1040,0,1,1500,,-1,1500,1500,5.7429,1
Esophagus Lumen,1.16409155293818,0.0507822128385881,2,343,0,1,343,343,0.039143946581,2
Extracellular Fluids,1010.75,1.42339090437823,4,1554.2,0,1,1554.2,1554.2,0.1,1
Eye (Aqueous Humor),993.77701677884,4.58102255265252,4,1537.05,4.17193000900069,2,1534.1,1540,0.1,1
Eye (Choroid),1049.75,19.1746360243579,584,1530.8,0,1,1530.8,1530.8,2.3676,1.0498
Eye (Ciliary Body),1090.4,55.1412769651482,14,1554,0,1,1554,1554,7.1088,1.0827
Eye (Cornea),1061.645540354,15.6842448035788,4,1565.76666666667,13.7209086190869,3,1550,1575,0.368,1.5
Eye (Iris),1090.4,55.1412769651482,14,1542,0,1,1542,1542,7.1088,1.0827
Eye (Lens),1075.5,24.3338862665472,3,1643.32424242424,28.5175910033263,11,1585,1673,0.66667,1
Eye (Retina),1036.28,2.2,56,1576.5,0,1,1576.5,1576.5,1.2,1.21
Eye (Sclera),1032,0,1,1630.4,23.0065208147603,5,1597,1656,1.174,1.56
Eye (Vitreous Humor),1004.5,5.19627270261791,3,1525.83636363636,12.5596395431774,12,1495,1544,5,1
Eye Lens (Cortex),1075.5,24.3338862665472,3,1643.32424242424,28.5175910033263,11,1585,1673,0.66667,1
Eye Lens (Nucleus),1075.5,24.3338862665472,3,1643.32424242424,28.5175910033263,11,1585,1673,0.66667,1
Fat,911,51.4200720489952,23,1440.1875,21.9186944562551,16,1412,1490,4.3578,1.0861
Fat (Average Infiltrated),911,51.4200720489952,23,1440.1875,21.9186944562551,16,1412,1490,4.3578,1.0861
Fat (Not Infiltrated),911,51.4200720489952,23,1440.1875,21.9186944562551,16,1412,1490,4.3578,1.0861
Gallbladder,1070.5,58.467227287316,7,1583.6,0,1,1583.6,1583.6,1.51,1
Heart Lumen,1049.75,19.1746360243579,584,1578.18333333333,11.2729765368336,9,1559.2,1590,2.3676,1.0498
Heart Muscle,1080.8,37.815025988041,25,1561.28571428571,15.4673234671709,7,1529,1572,3.917,1.2598
Hippocampus,1044.5,7.77817459305202,9,1500,,-1,1500,1500,1.2,1.21
Hypophysis,1053,18.3847763108502,2,1500,,-1,1500,1500,15.492,1
Hypothalamus,1044.5,7.77817459305202,9,1500,,-1,1500,1500,1.2,1.21
Intervertebral Disc,1099.5,13.4039795085887,7,1639.6,11.6219619686179,3,1627,1649.9,0.4397,1
Kidney,1066.25,60.940955030259,15,1554.28571428571,18.1839149223912,7,1513.5,1565,2.8067,1.022
Kidney (Cortex),1049,0,1,1571.33333333333,5.85946527708231,3,1567,1578,12,1
Kidney (Medulla),1044,0,1,1564,0,1,1564,1564,2.8067,1.022
Large Intestine,1088,55.8224025369743,7,1500,,-1,1500,1500,5.7429,1
Large Intestine Lumen,1045.2,0,2,1535.36527777778,0,1,1482.3,1588.43055555556,0.4243,1.0414
Larynx,1099.5,13.4039795085887,7,1639.6,11.6219619686179,3,1627,1649.9,0.4397,1
Liver,1078.75,55.7760402562481,16,1585.725,19.4609473618892,10,1541.5,1611,6.915,1
Lung,394,158.771947301782,26,949.285714285714,11.6219619686179,3,1627,1649.9,230.94,1
Lung (Deflated),1050,2.75,2,1500,,-1,1500,1500,161.88,1
Lung (Inflated),394,158.771947301782,26,949.285714285714,1010.33333333333,1083.6,1190,1282.66666666667,230.94,1
Lymph,1019,0,1,1500,,-1,1500,1500,0,0
Lymphnode,1035,9.12870929174852,2,1586,0,1,1586,1586,28.782,1
Mandible,1908,166.005163430883,27,3514.85714285714,420.344178705294,21,2660,4200,54.553,1
Medulla Oblongata,1045.5,6.36396103067893,9,1546.32352941176,20.1687731844231,17,1506,1565,11.529,1
Meniscus,1099.5,13.4039795085887,7,1639.6,11.6219619686179,3,1627,1649.9,0.4397,1
Midbrain,1045.5,6.36396103067893,9,1546.32352941176,20.1687731844231,17,1506,1565,6.8032,1.3
Mucous Membrane,1102,0,1,1620.68,27.7851039227857,5,1602,1669,7.1088,1.0827
Muscle,1090.4,55.1412769651482,14,1588.43055555556,21.5646940761007,24,1545,1631,7.1088,1.0827
Nerve,1075,61.2154664552452,6,1629.5,20.5060966544099,2,1615,1644,13.235,1
Ovary,1048,1.39999999998669,2,1595,0,1,1595,1595,7.8325,1
Pancreas,1086.5,51.5889199990334,7,1591,0,1,1591,1591,9.5502,1
Penis,1101.5,53.2812897116177,22,1569.14285714286,5.7569833370314,7,1559,1575,7.02,1
Pharynx,1.16409155293818,0.0507822128385881,2,343,0,1,343,343,0.039143946581,2
Pineal Body,1053,18.3847763108502,2,1500,,-1,1500,1500,15.492,1
Placenta,1018.1260753175,26.7060320175164,3,1500,,-1,1500,1500,8.4472,1.325
Pons,1045.5,6.36396103067893,9,1546.32352941176,20.1687731844231,17,1506,1565,6.8032,1.3
Prostate,1045,0,1,1559.5,2.12132034355964,2,1558,1561,9.3191,1
Salivary Gland,1048,3.57500000001824,2,1559.5,2.12132034355964,2,1558,1561,9.3191,1
SAT (Subcutaneous Fat),911,51.4200720489952,23,1477,1.4142135623731,2,1476,1478,7,1
Scalp,1109,37.5259909929105,10,1624,91.8313671900838,3,1537,1720,21.158,1
Seminal vesicle,1045,0,1,1559.5,2.12132034355964,2,1558,1561,9.3191,1
Skin,1109,37.5259909929105,10,1624,91.8313671900838,3,1537,1720,21.158,1
Skull,1908,166.005163430883,27,2770.35,0,1,2770.35,2770.35,54.553,1
Skull (Cancellous),1178.33333333333,196.916225842362,16,2117.53333333333,288.659122303261,5,1854.66666666667,2450,47,1.2
Skull (Cortical),1908,166.005163430883,27,2813.69230769231,336.967699890109,13,2190,3360,54.553,1
Small Intestine,1030,0,1,1500,,-1,1500,1500,5.7429,1
Small Intestine Lumen,1045.2,0,2,1535.36527777778,0,1,1482.3,1588.43055555556,0.4243,1.0414
Spinal Cord,1075,61.2154664552452,6,1542,0,1,1542,1542,6.8032,1.3
Spleen,1089,67.2160695072242,14,1567.6,21.9048447203403,10,1515,1601,4.3726,1.3832
Stomach,1088,55.5517776493246,6,1500,,-1,1500,1500,5.7429,1
Stomach Lumen,1045.2,0,2,1535.36527777778,0,1,1482.3,1588.43055555556,0.4243,1.0414
Tendon\Ligament,1142,40.8100273625644,20,1750,0,2,1750,1750,14.506,1.1719
Testis,1082,46.9649004576817,7,1595,0,1,1595,1595,2.4237,1.5613
Thalamus,1044.5,7.77817459305202,9,1500,,-1,1500,1500,1.2,1.21
Thymus,1023,1.5,2,1513.09375,10.9593472281275,8.5,1440.1875,1586,11.199,1.0431
Thyroid Gland,1050,5.19723484171933,3,1500,,-1,1500,1500,15.492,1
Tongue,1090.4,55.1412769651482,14,1588.43055555556,21.5646940761007,24,1545,1631,2.9012,1.032
Tooth,2180,84.905612081668,12,4565.87820512821,0,1,3639.83333333333,5491.92307692308,64.444,1
Tooth (Dentine),2063,85.3953225364891,197,3639.83333333333,335.917152484557,12,2928,4140,51.11111,1
Tooth (Enamel),2958.33333333333,37.7079352928746,111,5491.92307692308,836.35503441406,13,3460,6260,77.77778,1
Trachea,1080,10,2,1639.6,11.6219619686179,3,1627,1649.9,0.4397,1
Trachea Lumen,1.16409155293818,0.0507822128385881,2,343,0,1,343,343,0.039143946581,2
Ureter\Urethra,1101.5,53.2812897116177,22,1569.14285714286,5.7569833370314,7,1559,1575,7.02,1
Urinary Bladder Wall,1086,58.3038020486937,3,1500,,-1,1500,1500,5.7429,1
Urine,1023.61320427124,14.0491573635023,6,1537.66666666667,15.9478316185409,3,1520,1551,0.0706,1.645
Uterus,1104.5,78.7114985246755,6,1629,0,1,1629,1629,8.1157,1
Vagina,1088,55.8224025369743,7,1500,,-1,1500,1500,5.7429,1
Vertebrae,1908,166.005163430883,27,3514.85714285714,420.344178705294,21,2660,4200,54.553,1
Water,994.035466,0,1,1482.3,0,1,1482.3,1482.3,0.025328436023,1
